{"main":"ra_sapi_core_banking_system.raml","name":"ra_sapi_core_banking_system","classifier":"raml","tags":[],"dependencies":[{"groupId":"cae84a33-6417-4aa3-8caf-7778f9cf008d","assetId":"errortraits","version":"1.0.4"},{"groupId":"cae84a33-6417-4aa3-8caf-7778f9cf008d","assetId":"security_scheme_headers","version":"1.0.1"}],"groupId":"cae84a33-6417-4aa3-8caf-7778f9cf008d","organizationId":"cae84a33-6417-4aa3-8caf-7778f9cf008d","assetId":"ra_sapi_core_banking_system","version":"1.0.0","apiVersion":"v1","originalFormatVersion":"1.0","metadata":{"projectId":"8a548e53-44c9-48e6-9d6a-7f1ed2cc2074","branchId":"master","commitId":"a866b16e813c13ffd66377972737bb3132eeeda5"}}